<?xml version="1.0" encoding="UTF-8"?>
<project-private xmlns="http://www.netbeans.org/ns/project-private/1">
    <editor-bookmarks xmlns="http://www.netbeans.org/ns/editor-bookmarks/2" lastBookmarkId="0"/>
    <open-files xmlns="http://www.netbeans.org/ns/projectui-open-files/2">
        <group>
            <file>file:/D:/Dropbox/UFSCAR/UFSPorte/Site/UFSPort/web/pesquisaVitoriasPais.html</file>
            <file>file:/D:/Dropbox/UFSCAR/UFSPorte/Site/UFSPort/web/404.jpg</file>
            <file>file:/D:/Dropbox/UFSCAR/UFSPorte/Site/UFSPort/web/index.html</file>
            <file>file:/D:/Dropbox/UFSCAR/UFSPorte/Site/UFSPort/web/pesquisaVitorias.html</file>
            <file>file:/D:/Dropbox/UFSCAR/UFSPorte/Site/UFSPort/web/js/jquery.flexslider-min.js</file>
            <file>file:/D:/Dropbox/UFSCAR/UFSPorte/Site/UFSPort/src/java/Persistence/VitoriasCasaForaDAO.java</file>
            <file>file:/D:/Dropbox/UFSCAR/UFSPorte/Site/UFSPort/web/css/kwicks-slider.css</file>
            <file>file:/D:/Dropbox/UFSCAR/UFSPorte/Site/UFSPort/web/404.html</file>
            <file>file:/D:/Dropbox/UFSCAR/UFSPorte/Site/UFSPort/web/Resultados.jsp</file>
            <file>file:/D:/Dropbox/UFSCAR/UFSPorte/Site/UFSPort/src/java/Persistence/ConnectionFactory.java</file>
            <file>file:/D:/Dropbox/UFSCAR/UFSPorte/Site/UFSPort/web/viewPesquisaVitorias.jsp</file>
            <file>file:/D:/Dropbox/UFSCAR/UFSPorte/Site/UFSPort/src/java/Model/VitoriasCasaFora.java</file>
            <file>file:/D:/Dropbox/UFSCAR/UFSPorte/Site/UFSPort/src/java/Controle/PesquisaVitoriasCasaFora.java</file>
            <file>file:/D:/Dropbox/UFSCAR/UFSPorte/Site/UFSPort/web/pesquisaTimes.html</file>
            <file>file:/D:/Dropbox/UFSCAR/UFSPorte/Site/UFSPort/web/js/jquery.js</file>
            <file>file:/D:/Dropbox/UFSCAR/UFSPorte/Site/UFSPort/src/java/Persistence/DAOException.java</file>
            <file>file:/D:/Dropbox/UFSCAR/UFSPorte/Site/UFSPort/web/pesquisaJogador.html</file>
        </group>
    </open-files>
</project-private>
