<?xml version="1.0" encoding="UTF-8"?>
<project-private xmlns="http://www.netbeans.org/ns/project-private/1">
    <editor-bookmarks xmlns="http://www.netbeans.org/ns/editor-bookmarks/2" lastBookmarkId="0"/>
    <open-files xmlns="http://www.netbeans.org/ns/projectui-open-files/2">
        <group>
            <file>file:/D:/Dropbox/UFSCAR/UFSPorte/Site/UFSPort/web/pesquisaVitoriasPais.html</file>
            <file>file:/D:/Dropbox/UFSCAR/UFSPorte/Site/UFSPort/src/java/Model/Jogador.java</file>
            <file>file:/D:/Dropbox/UFSCAR/UFSPorte/Site/UFSPort/web/index.html</file>
            <file>file:/D:/Dropbox/UFSCAR/UFSPorte/Site/UFSPort/web/pesquisaVitorias.html</file>
            <file>file:/D:/Dropbox/UFSCAR/UFSPorte/Site/UFSPort/web/pesquisaVitoriasCamp.html</file>
            <file>file:/D:/Dropbox/UFSCAR/UFSPorte/Site/UFSPort/web/viewPesquisaVitorias.jsp</file>
            <file>file:/D:/Dropbox/UFSCAR/UFSPorte/Site/UFSPort/web/css/style.css</file>
            <file>file:/D:/Dropbox/UFSCAR/UFSPorte/Site/UFSPort/src/java/Controle/PesquisaTime.java</file>
            <file>file:/D:/Dropbox/UFSCAR/UFSPorte/Site/UFSPort/src/java/Persistence/JogadorDAO.java</file>
            <file>file:/D:/Dropbox/UFSCAR/UFSPorte/Site/UFSPort/web/viewPesquisaTime.jsp</file>
            <file>file:/D:/Dropbox/UFSCAR/UFSPorte/Site/UFSPort/web/viewPesquisaJogador.jsp</file>
            <file>file:/D:/Dropbox/UFSCAR/UFSPorte/Site/UFSPort/src/java/Controle/PesquisaJogador.java</file>
            <file>file:/D:/Dropbox/UFSCAR/UFSPorte/Site/UFSPort/web/pesquisaTimes.html</file>
            <file>file:/D:/Dropbox/UFSCAR/UFSPorte/Site/UFSPort/web/viewPesquisaPais.jsp</file>
            <file>file:/D:/Dropbox/UFSCAR/UFSPorte/Site/UFSPort/web/pesquisaJogador.html</file>
        </group>
    </open-files>
</project-private>
